{"id":"6f05a67d-97b7-4196-a664-538e50044dc0","system":{"type":"Windows_NT","release":"10.0.22631","platform":"win32","hostname":"gp-xps-15"},"pageStats":[{"page":"home","count":10,"sum":12277,"average":1227.7,"median":1224,"stdev":89.3980424841618,"min":1103,"max":1376,"raw":[1103,1124,1128,1191,1209,1239,1265,1298,1344,1376]},{"page":"OH","count":10,"sum":4044,"average":404.4,"median":330,"stdev":146.5211247568077,"min":281,"max":685,"raw":[281,287,290,305,306,354,361,550,625,685]},{"page":"RH","count":10,"sum":10675,"average":1067.5,"median":821.5,"stdev":322.17052937846444,"min":820,"max":1885,"raw":[1114,1242,1295,1885,820,823,827,840,852,977]}]}